episode,av_g_reward,av_legit_traffic,av_total_load
0,0.27203941743803028,0.27203941743803028,65.950203946555675
1,0.30961655680491706,0.30961655680491706,76.713837139851989
2,0.37118452644785921,0.37118452644785921,91.459224803876367
3,0.30817519137028487,0.30817519137028487,75.682492213405496
4,0.28476275439452697,0.28476275439452697,73.385280414651447
5,0.30725134140287558,0.30725134140287558,80.442714044731133
6,0.35911780424966439,0.35911780424966439,88.050413935373896
7,0.28933179850651641,0.28933179850651641,71.412274210179305
8,0.29451307480708272,0.29451307480708272,71.872128366042162
9,0.29970155110046187,0.29970155110046187,65.359254004776346
