episode,av_g_reward,av_legit_traffic,av_total_load
0,0.11352666904855198,0.11352666904855198,77.814498206847801
1,0.0,0.0,91.102099983404827
2,0.00011199788075756246,0.00011199788075756246,88.915143110165261
3,0.024026667410016477,0.024026667410016477,85.909155239136936
4,0.072604445954616362,0.072604445954616362,100.91634780845402
5,0.077278370939352845,0.077278370939352845,91.471742890409431
6,0.077153329083703912,0.077153329083703912,88.837567921671052
7,0.30007247672886972,0.30007247672886972,120.63459460533683
8,0.029512657499229232,0.029512657499229232,83.131673959252836
9,0.032101596078683715,0.032101596078683715,97.318917624276708
