episode,av_g_reward,av_legit_traffic,av_total_load
0,0.14842179712724296,0.14842179712724296,8.5273159828161447
1,0.17881188803649739,0.17881188803649739,8.7715359514042639
