episode,av_g_reward,av_legit_traffic,av_total_load
0,0.12318151482256243,0.12318151482256243,6.1000180405374582
1,0.17269576414629401,0.17269576414629401,6.2014818735138979
