episode,av_g_reward,av_legit_traffic,av_total_load
0,0.21122394101864531,0.21122394101864531,6.8062288415775196
1,0.26154331777690887,0.26154331777690887,6.0014437606228821
