episode,av_g_reward,av_legit_traffic,av_total_load
0,0.16778981953665689,0.16778981953665689,8.6681203809517502
1,0.19688918330629951,0.19688918330629951,8.6799482018603094
