episode,av_g_reward,av_legit_traffic,av_total_load
0,0.20772414431470437,0.20772414431470437,9.2777508717213859
1,0.23372877232122574,0.23372877232122574,9.3372225946089067
