episode,av_g_reward,av_legit_traffic,av_total_load
0,0.10988451811757334,0.10988451811757334,7.4492151929052453
1,0.16536287067996364,0.16536287067996364,7.7019690880357814
