episode,av_g_reward,av_legit_traffic,av_total_load
0,0.21361809810625565,0.21361809810625565,9.6605023034040975
1,0.24055383929264221,0.24055383929264221,8.6600339092433138
