episode,av_g_reward,av_legit_traffic,av_total_load
0,0.13013023478026547,0.13013023478026547,7.0061005178744509
1,0.19471662493032621,0.19471662493032621,7.9142619734041855
